Const,Your Rating,Date Rated,Title,Original Title,URL,Title Type,IMDb Rating,Runtime (mins),Year,Genres,Num Votes,Release Date,Directors
tt26584495,6,2026-02-05,"Companion","Companion",https://www.imdb.com/title/tt26584495,Movie,6.9,97,2025,"Thriller, Sci-Fi",169400,"2025-01-31","Drew Hancock"
tt9253284,7,2026-01-03,"Andor","Andor",https://www.imdb.com/title/tt9253284,TV Series,8.6,60,2022,"Sci-Fi, Thriller, Action, Adventure, Fantasy, Drama",270142,"2022-09-21",
tt0113247,8,2026-01-01,"La haine","La haine",https://www.imdb.com/title/tt0113247,Movie,8.1,98,1995,"Crime, Drama",223725,"1996-02-23","Mathieu Kassovitz"
tt0118929,8,2025-12-29,"Dark City","Dark City",https://www.imdb.com/title/tt0118929,Movie,7.5,100,1998,"Thriller, Mystery, Fantasy, Sci-Fi",225141,"1998-02-27","Alex Proyas"
tt1196946,9,2025-10-07,"The Mentalist","The Mentalist",https://www.imdb.com/title/tt1196946,TV Series,8.2,43,2008,"Drama, Crime, Mystery, Thriller",221777,"2008-09-23",
tt9150192,6,2025-09-13,"A Working Man","A Working Man",https://www.imdb.com/title/tt9150192,Movie,5.7,116,2025,"Action, Thriller",74788,"2025-03-28","David Ayer"
tt0144117,7,2025-09-12,"The Boondock Saints","The Boondock Saints",https://www.imdb.com/title/tt0144117,Movie,7.6,108,1999,"Thriller, Action, Crime",261375,"2000-01-21","Troy Duffy"
tt3402138,6,2025-09-08,"The Naked Gun","The Naked Gun",https://www.imdb.com/title/tt3402138,Movie,6.3,85,2025,"Comedy, Action, Crime",118496,"2025-08-01","Akiva Schaffer"
tt15398776,8,2025-09-05,"Oppenheimer","Oppenheimer",https://www.imdb.com/title/tt15398776,Movie,8.2,180,2023,"Biography, Drama, History",1008370,"2023-07-21","Christopher Nolan"
tt0073195,8,2025-09-03,"Jaws","Jaws",https://www.imdb.com/title/tt0073195,Movie,8.1,124,1975,"Adventure, Horror, Thriller",731993,"1975-06-20","Steven Spielberg"
tt9603208,7,2025-08-26,"Mission: Impossible - The Final Reckoning","Mission: Impossible - The Final Reckoning",https://www.imdb.com/title/tt9603208,Movie,7.2,169,2025,"Action, Thriller, Adventure",219642,"2025-05-23","Christopher McQuarrie"
tt2798920,9,2025-08-22,"Annihilation","Annihilation",https://www.imdb.com/title/tt2798920,Movie,6.8,115,2018,"Sci-Fi, Thriller, Drama, Mystery, Adventure, Horror",391273,"2018-02-23","Alex Garland"
tt20561198,6,2025-08-20,"The Promised Land","Bastarden",https://www.imdb.com/title/tt20561198,Movie,7.7,127,2023,"Action, History, Biography, Drama",39741,"2023-10-05","Nikolaj Arcel"
tt26581740,7,2025-08-20,"Weapons","Weapons",https://www.imdb.com/title/tt26581740,Movie,7.4,128,2025,"Horror, Mystery",318282,"2025-08-08","Zach Cregger"
tt5052448,7,2025-08-18,"Get Out","Get Out",https://www.imdb.com/title/tt5052448,Movie,7.8,104,2017,"Horror, Mystery, Thriller",808003,"2017-02-24","Jordan Peele"
tt0454876,7,2025-08-10,"Life of Pi","Life of Pi",https://www.imdb.com/title/tt0454876,Movie,7.9,127,2012,"Drama, Adventure, Fantasy",697436,"2012-11-21","Ang Lee"
tt1706620,7,2025-08-10,"Snowpiercer","Snowpiercer",https://www.imdb.com/title/tt1706620,Movie,7.1,126,2013,"Sci-Fi, Thriller, Action",418290,"2014-07-11","Bong Joon Ho"
tt0399146,7,2025-07-27,"A History of Violence","A History of Violence",https://www.imdb.com/title/tt0399146,Movie,7.4,96,2005,"Drama, Thriller, Action, Crime",271561,"2005-09-30","David Cronenberg"
tt0407304,7,2025-07-27,"War of the Worlds","War of the Worlds",https://www.imdb.com/title/tt0407304,Movie,6.6,117,2005,"Sci-Fi, Adventure, Action",504543,"2005-06-29","Steven Spielberg"
tt7181546,6,2025-07-23,"Ballerina","Ballerina",https://www.imdb.com/title/tt7181546,Movie,6.8,124,2025,"Action, Thriller",141078,"2025-06-06","Len Wiseman"
tt31193180,6,2025-07-01,"Sinners","Sinners",https://www.imdb.com/title/tt31193180,Movie,7.5,137,2025,"Drama, Thriller, Horror, Action, Music",415624,"2025-04-18","Ryan Coogler"
tt2179136,7,2025-06-14,"American Sniper","American Sniper",https://www.imdb.com/title/tt2179136,Movie,7.3,133,2014,"Action, Biography, War, Drama",566048,"2015-01-16","Clint Eastwood"
tt0166924,6,2025-06-14,"Mulholland Drive","Mulholland Dr.",https://www.imdb.com/title/tt0166924,Movie,7.9,147,2001,"Drama, Thriller, Mystery",424986,"2001-10-19","David Lynch"
tt2935510,8,2025-06-14,"Ad Astra","Ad Astra",https://www.imdb.com/title/tt2935510,Movie,6.5,123,2019,"Sci-Fi, Thriller, Adventure, Drama, Mystery",278705,"2019-09-20","James Gray"
tt3774114,8,2025-06-10,"Snowden","Snowden",https://www.imdb.com/title/tt3774114,Movie,7.3,134,2016,"Drama, Thriller, Biography, Crime",171971,"2016-09-16","Oliver Stone"
tt2980516,7,2025-06-10,"The Theory of Everything","The Theory of Everything",https://www.imdb.com/title/tt2980516,Movie,7.7,123,2014,"Drama, Biography, Romance",506211,"2014-11-26","James Marsh"
tt9619824,6,2025-06-10,"Final Destination: Bloodlines","Final Destination Bloodlines",https://www.imdb.com/title/tt9619824,Movie,6.7,110,2025,"Horror, Thriller",155477,"2025-05-16","Zach Lipovsky,Adam B. Stein"
tt0119177,6,2025-06-07,"Gattaca","Gattaca",https://www.imdb.com/title/tt0119177,Movie,7.7,106,1997,"Sci-Fi, Drama, Thriller",344999,"1997-10-24","Andrew Niccol"
tt0268978,8,2025-06-05,"A Beautiful Mind","A Beautiful Mind",https://www.imdb.com/title/tt0268978,Movie,8.2,135,2001,"Biography, Mystery, Drama",1048570,"2002-01-04","Ron Howard"
tt0120689,9,2025-06-05,"The Green Mile","The Green Mile",https://www.imdb.com/title/tt0120689,Movie,8.6,189,1999,"Crime, Fantasy, Mystery, Drama",1549526,"1999-12-10","Frank Darabont"
tt17526714,7,2025-06-01,"The Substance","The Substance",https://www.imdb.com/title/tt17526714,Movie,7.2,141,2024,"Drama, Horror, Sci-Fi",407926,"2024-09-20","Coralie Fargeat"
tt0265086,7,2025-05-26,"Black Hawk Down","Black Hawk Down",https://www.imdb.com/title/tt0265086,Movie,7.7,144,2001,"Drama, Action, History, War",452176,"2002-01-18","Ridley Scott"
tt0463854,6,2025-05-25,"28 Weeks Later","28 Weeks Later",https://www.imdb.com/title/tt0463854,Movie,6.8,99,2007,"Horror, Sci-Fi",359021,"2007-05-11","Juan Carlos Fresnadillo"
tt7888964,7,2025-05-24,"Nobody","Nobody",https://www.imdb.com/title/tt7888964,Movie,7.4,92,2021,"Action, Crime, Thriller, Drama",387413,"2021-03-26","Ilya Naishuller"
tt0111161,9,2025-05-24,"The Shawshank Redemption","The Shawshank Redemption",https://www.imdb.com/title/tt0111161,Movie,9.3,142,1994,"Drama",3164048,"1994-10-14","Frank Darabont"
tt0482571,8,2025-05-20,"The Prestige","The Prestige",https://www.imdb.com/title/tt0482571,Movie,8.5,130,2006,"Drama, Thriller, Mystery, Sci-Fi",1575282,"2006-10-20","Christopher Nolan"
tt0221027,7,2025-05-20,"Blow","Blow",https://www.imdb.com/title/tt0221027,Movie,7.5,124,2001,"Biography, Crime, Drama",286583,"2001-04-06","Ted Demme"
tt31434639,7,2025-05-20,"Warfare","Warfare",https://www.imdb.com/title/tt31434639,Movie,7.1,95,2025,"War, Action, Drama",106178,"2025-04-11","Alex Garland,Ray Mendoza"
tt0289043,6,2025-05-20,"28 Days Later","28 Days Later",https://www.imdb.com/title/tt0289043,Movie,7.5,113,2002,"Sci-Fi, Thriller, Drama, Horror",540894,"2003-06-27","Danny Boyle"
tt0181689,7,2025-05-19,"Minority Report","Minority Report",https://www.imdb.com/title/tt0181689,Movie,7.6,145,2002,"Crime, Sci-Fi, Mystery, Thriller, Action",618239,"2002-06-21","Steven Spielberg"
tt1345836,7,2025-05-04,"The Dark Knight Rises","The Dark Knight Rises",https://www.imdb.com/title/tt1345836,Movie,8.4,164,2012,"Action, Drama, Thriller, Crime",1979986,"2012-07-20","Christopher Nolan"
tt0387808,6,2025-04-28,"Idiocracy","Idiocracy",https://www.imdb.com/title/tt0387808,Movie,6.5,84,2006,"Adventure, Comedy, Sci-Fi, Thriller",213444,"2007-01-25","Mike Judge"
tt0434409,6,2025-04-23,"V for Vendetta","V for Vendetta",https://www.imdb.com/title/tt0434409,Movie,8.1,132,2005,"Thriller, Action, Drama, Sci-Fi",1240974,"2006-03-17","James McTeigue"
tt0109830,8,2025-04-19,"Forrest Gump","Forrest Gump",https://www.imdb.com/title/tt0109830,Movie,8.8,142,1994,"Romance, Drama",2477158,"1994-07-06","Robert Zemeckis"
tt3566834,7,2025-04-19,"A Minecraft Movie","A Minecraft Movie",https://www.imdb.com/title/tt3566834,Movie,5.6,101,2025,"Action, Adventure, Fantasy, Comedy, Family",154550,"2025-04-04","Jared Hess"
tt29603959,6,2025-04-06,"Novocaine","Novocaine",https://www.imdb.com/title/tt29603959,Movie,6.5,110,2025,"Action, Thriller, Comedy, Crime",85580,"2025-03-14","Dan Berk,Robert Olsen"
tt1800241,9,2025-04-01,"American Hustle","American Hustle",https://www.imdb.com/title/tt1800241,Movie,7.2,138,2013,"Drama, Crime",517286,"2013-12-20","David O. Russell"
tt1454468,5,2025-03-29,"Gravity","Gravity",https://www.imdb.com/title/tt1454468,Movie,7.7,91,2013,"Sci-Fi, Thriller, Drama",896195,"2013-10-04","Alfonso Cuarón"
tt0106977,7,2025-03-24,"The Fugitive","The Fugitive",https://www.imdb.com/title/tt0106977,Movie,7.8,130,1993,"Crime, Action, Mystery, Drama, Thriller",344190,"1993-08-06","Andrew Davis"
tt0120586,8,2025-02-10,"American History X","American History X",https://www.imdb.com/title/tt0120586,Movie,8.5,119,1998,"Drama, Crime",1266801,"1998-11-20","Tony Kaye"
tt0407887,8,2025-02-07,"The Departed","The Departed",https://www.imdb.com/title/tt0407887,Movie,8.5,151,2006,"Crime, Drama, Thriller",1543259,"2006-10-06","Martin Scorsese"
tt4610378,7,2025-02-02,"The Resistance Banker","Bankier van het verzet",https://www.imdb.com/title/tt4610378,Movie,6.9,123,2018,"Drama, War, Biography",11563,"2018-03-08","Joram Lürsen"
tt8999762,7,2025-02-01,"The Brutalist","The Brutalist",https://www.imdb.com/title/tt8999762,Movie,7.2,216,2024,"Drama",134183,"2025-01-24","Brady Corbet"
tt1979320,6,2025-01-29,"Rush","Rush",https://www.imdb.com/title/tt1979320,Movie,8.1,123,2013,"Biography, Sport, Drama",555440,"2013-09-27","Ron Howard"
tt0450259,7,2025-01-28,"Blood Diamond","Blood Diamond",https://www.imdb.com/title/tt0450259,Movie,8.0,143,2006,"Drama, Adventure, Thriller",622661,"2006-12-08","Edward Zwick"
tt0086250,8,2025-01-28,"Scarface","Scarface",https://www.imdb.com/title/tt0086250,Movie,8.3,170,1983,"Crime, Drama",1007295,"1983-12-09","Brian De Palma"
tt9218128,6,2025-01-27,"Gladiator II","Gladiator II",https://www.imdb.com/title/tt9218128,Movie,6.5,148,2024,"Action, Adventure, Drama",290535,"2024-11-22","Ridley Scott"
tt0068646,7,2025-01-27,"The Godfather","The Godfather",https://www.imdb.com/title/tt0068646,Movie,9.2,175,1972,"Crime, Drama",2209666,"1972-03-24","Francis Ford Coppola"
tt5013056,8,2025-01-27,"Dunkirk","Dunkirk",https://www.imdb.com/title/tt5013056,Movie,7.8,106,2017,"War, Drama, Action, History, Thriller",801553,"2017-07-21","Christopher Nolan"
tt6723592,6,2025-01-27,"Tenet","Tenet",https://www.imdb.com/title/tt6723592,Movie,7.3,150,2020,"Action, Sci-Fi, Thriller",679005,"2020-09-03","Christopher Nolan"
tt0095016,7,2025-01-27,"Die Hard","Die Hard",https://www.imdb.com/title/tt0095016,Movie,8.2,132,1988,"Thriller, Action",1024547,"1988-07-20","John McTiernan"
tt0172495,8,2025-01-27,"Gladiator","Gladiator",https://www.imdb.com/title/tt0172495,Movie,8.5,155,2000,"Adventure, Drama, Action",1834609,"2000-05-05","Ridley Scott"
tt1933667,6,2025-01-26,"The Wizard of Lies","The Wizard of Lies",https://www.imdb.com/title/tt1933667,TV Movie,6.8,133,2017,"Drama, Biography, Crime",32456,"2017-05-20","Barry Levinson"
tt1293847,5,2025-01-21,"xXx: Return of Xander Cage","xXx: Return of Xander Cage",https://www.imdb.com/title/tt1293847,Movie,5.2,107,2017,"Action, Adventure, Thriller",101436,"2017-01-20","D.J. Caruso"
tt0452608,7,2025-01-21,"Death Race","Death Race",https://www.imdb.com/title/tt0452608,Movie,6.4,105,2008,"Action, Thriller, Sci-Fi",227698,"2008-08-22","Paul W.S. Anderson"
tt5433140,6,2025-01-16,"Fast X","Fast X",https://www.imdb.com/title/tt5433140,Movie,5.7,141,2023,"Action, Crime, Thriller, Mystery, Adventure",144288,"2023-05-19","Louis Leterrier"
tt1856101,8,2025-01-13,"Blade Runner 2049","Blade Runner 2049",https://www.imdb.com/title/tt1856101,Movie,8.0,164,2017,"Sci-Fi, Thriller, Action, Drama, Mystery",746230,"2017-10-06","Denis Villeneuve"
tt0083658,7,2025-01-13,"Blade Runner","Blade Runner",https://www.imdb.com/title/tt0083658,Movie,8.1,117,1982,"Thriller, Action, Drama, Sci-Fi",877141,"1982-06-25","Ridley Scott"
tt0401792,8,2024-12-30,"Sin City","Sin City",https://www.imdb.com/title/tt0401792,Movie,8.0,124,2005,"Crime, Thriller",818700,"2005-04-01","Frank Miller,Quentin Tarantino,Robert Rodriguez"
tt0120669,8,2024-12-30,"Fear and Loathing in Las Vegas","Fear and Loathing in Las Vegas",https://www.imdb.com/title/tt0120669,Movie,7.4,118,1998,"Adventure, Drama, Comedy",318098,"1998-05-22","Terry Gilliam"
tt4276820,6,2024-12-29,"The Founder","The Founder",https://www.imdb.com/title/tt4276820,Movie,7.2,115,2016,"Biography, Drama",203065,"2017-01-20","John Lee Hancock"
tt2005151,7,2024-12-29,"War Dogs","War Dogs",https://www.imdb.com/title/tt2005151,Movie,7.1,114,2016,"Comedy, Drama, War, Crime, Biography",294605,"2016-08-19","Todd Phillips"
tt23558280,5,2024-12-29,"Elevation","Elevation",https://www.imdb.com/title/tt23558280,Movie,5.6,91,2024,"Action, Thriller, Sci-Fi, Horror, Mystery",29873,"2024-11-26","George Nolfi"
tt0361862,8,2024-12-28,"The Machinist","The Machinist",https://www.imdb.com/title/tt0361862,Movie,7.6,101,2004,"Thriller, Drama",439741,"2004-12-03","Brad Anderson"
tt1413492,6,2024-12-28,"12 Strong","12 Strong",https://www.imdb.com/title/tt1413492,Movie,6.5,130,2018,"Drama, War, History, Action",100227,"2018-01-19","Nicolai Fuglsig"
tt10954984,5,2024-12-27,"Nope","Nope",https://www.imdb.com/title/tt10954984,Movie,6.8,130,2022,"Horror, Sci-Fi, Mystery, Thriller",312934,"2022-07-22","Jordan Peele"
tt15435876,9,2024-12-25,"The Penguin","The Penguin",https://www.imdb.com/title/tt15435876,TV Mini Series,8.6,60,2024,"Crime, Drama",232026,"2024-09-19",
tt2763304,7,2024-12-24,"T2 Trainspotting","T2 Trainspotting",https://www.imdb.com/title/tt2763304,Movie,7.1,117,2017,"Drama, Comedy, Crime",140847,"2017-03-31","Danny Boyle"
tt11291274,7,2024-12-13,"The Unbearable Weight of Massive Talent","The Unbearable Weight of Massive Talent",https://www.imdb.com/title/tt11291274,Movie,7.0,107,2022,"Comedy, Action, Crime, Thriller",177658,"2022-04-22","Tom Gormican"
tt0108255,8,2024-12-01,"Super Mario Bros.","Super Mario Bros.",https://www.imdb.com/title/tt0108255,Movie,4.2,104,1993,"Comedy, Sci-Fi, Adventure, Family, Fantasy",67459,"1993-05-28","Annabel Jankel,Rocky Morton"
tt27599851,6,2024-11-24,"Apocalypse Z: The Beginning of the End","Apocalipsis Z: El principio del fin",https://www.imdb.com/title/tt27599851,Movie,6.1,117,2024,"Sci-Fi, Action, Thriller, Horror",23125,"2024-10-31","Carles Torrens"
tt11126994,9,2024-11-23,"Arcane","Arcane: League of Legends",https://www.imdb.com/title/tt11126994,TV Series,9.0,40,2021,"Animation, Action, Adventure, Drama, Fantasy, Sci-Fi",436712,"2021-11-06",
tt3464902,9,2024-11-11,"The Lobster","The Lobster",https://www.imdb.com/title/tt3464902,Movie,7.1,119,2015,"Romance, Sci-Fi, Drama, Thriller",331386,"2015-10-16","Yorgos Lanthimos"
tt0119094,5,2024-11-10,"Face/Off","Face/Off",https://www.imdb.com/title/tt0119094,Movie,7.3,138,1997,"Crime, Thriller, Action, Sci-Fi",424958,"1997-06-27","John Woo"
tt0780536,8,2024-11-10,"In Bruges","In Bruges",https://www.imdb.com/title/tt0780536,Movie,7.9,107,2008,"Crime, Drama, Comedy, Thriller",490781,"2008-02-29","Martin McDonagh"
tt2265171,8,2024-11-08,"The Raid 2","Serbuan maut 2: Berandal",https://www.imdb.com/title/tt2265171,Movie,7.9,150,2014,"Action, Thriller, Crime",138377,"2014-04-11","Gareth Evans"
tt1899353,8,2024-11-07,"The Raid: Redemption","Serbuan maut",https://www.imdb.com/title/tt1899353,Movie,7.6,101,2011,"Action, Thriller, Crime",229050,"2012-04-13","Gareth Evans"
tt2788316,8,2024-11-04,"Shōgun","Shogun",https://www.imdb.com/title/tt2788316,TV Series,8.6,60,2024,"Drama, History, Adventure, War, Action",241249,"2024-02-27",
tt1922777,7,2024-11-01,"Sinister","Sinister",https://www.imdb.com/title/tt1922777,Movie,6.8,110,2012,"Horror, Mystery, Thriller",313901,"2012-10-12","Scott Derrickson"
tt18412256,6,2024-10-24,"Alien: Romulus","Alien: Romulus",https://www.imdb.com/title/tt18412256,Movie,7.1,119,2024,"Horror, Sci-Fi, Thriller",282412,"2024-08-16","Fede Alvarez"
tt0206634,7,2024-10-13,"Children of Men","Children of Men",https://www.imdb.com/title/tt0206634,Movie,7.9,109,2006,"Thriller, Drama, Sci-Fi",562831,"2007-01-05","Alfonso Cuarón"
tt6644200,8,2024-10-13,"A Quiet Place","A Quiet Place",https://www.imdb.com/title/tt6644200,Movie,7.5,90,2018,"Drama, Horror, Sci-Fi",652817,"2018-04-06","John Krasinski"
tt0121766,8,2024-10-10,"Star Wars: Episode III - Revenge of the Sith","Star Wars: Episode III - Revenge of the Sith",https://www.imdb.com/title/tt0121766,Movie,7.7,140,2005,"Fantasy, Adventure, Sci-Fi, Action",915058,"2005-05-19","George Lucas"
tt0942385,6,2024-10-08,"Tropic Thunder","Tropic Thunder",https://www.imdb.com/title/tt0942385,Movie,7.1,107,2008,"Comedy, Action, War",486059,"2008-08-13","Ben Stiller"
tt0325980,6,2024-10-03,"Pirates of the Caribbean: The Curse of the Black Pearl","Pirates of the Caribbean: The Curse of the Black Pearl",https://www.imdb.com/title/tt0325980,Movie,8.1,143,2003,"Fantasy, Action, Adventure",1314651,"2003-07-09","Gore Verbinski"
tt6263850,7,2024-10-02,"Deadpool & Wolverine","Deadpool & Wolverine",https://www.imdb.com/title/tt6263850,Movie,7.5,128,2024,"Action, Comedy, Sci-Fi, Adventure",558136,"2024-07-26","Shawn Levy"
tt2562232,8,2024-09-25,"Birdman or (The Unexpected Virtue of Ignorance)","Birdman or (The Unexpected Virtue of Ignorance)",https://www.imdb.com/title/tt2562232,Movie,7.7,119,2014,"Comedy, Drama",695534,"2014-11-14","Alejandro G. Iñárritu"
tt2310332,7,2024-09-24,"The Hobbit: The Battle of the Five Armies","The Hobbit: The Battle of the Five Armies",https://www.imdb.com/title/tt2310332,Movie,7.4,144,2014,"Adventure, Fantasy",614321,"2014-12-17","Peter Jackson"
tt1170358,8,2024-09-21,"The Hobbit: The Desolation of Smaug","The Hobbit: The Desolation of Smaug",https://www.imdb.com/title/tt1170358,Movie,7.8,161,2013,"Fantasy, Adventure",750030,"2013-12-13","Peter Jackson"
tt0903624,7,2024-09-21,"The Hobbit: An Unexpected Journey","The Hobbit: An Unexpected Journey",https://www.imdb.com/title/tt0903624,Movie,7.8,169,2012,"Fantasy, Adventure",923330,"2012-12-14","Peter Jackson"
tt0167260,9,2024-09-18,"The Lord of the Rings: The Return of the King","The Lord of the Rings: The Return of the King",https://www.imdb.com/title/tt0167260,Movie,9.0,201,2003,"Drama, Adventure, Fantasy",2149818,"2003-12-17","Peter Jackson"
tt0167261,9,2024-09-18,"The Lord of the Rings: The Two Towers","The Lord of the Rings: The Two Towers",https://www.imdb.com/title/tt0167261,Movie,8.8,179,2002,"Drama, Adventure, Fantasy",1942723,"2002-12-18","Peter Jackson"
tt0120737,9,2024-09-18,"The Lord of the Rings: The Fellowship of the Ring","The Lord of the Rings: The Fellowship of the Ring",https://www.imdb.com/title/tt0120737,Movie,8.9,178,2001,"Drama, Adventure, Fantasy",2190650,"2001-12-19","Peter Jackson"
tt1172570,6,2024-09-15,"Bronson","Bronson",https://www.imdb.com/title/tt1172570,Movie,7.0,92,2008,"Action, Drama, Crime",148893,"2009-03-13","Nicolas Winding Refn"
tt0317248,9,2024-09-15,"City of God","Cidade de Deus",https://www.imdb.com/title/tt0317248,Movie,8.6,130,2002,"Drama, Crime",865807,"2004-02-13","Fernando Meirelles,Kátia Lund"
tt7631058,7,2024-09-13,"The Lord of the Rings: The Rings of Power","The Lord of the Rings: The Rings of Power",https://www.imdb.com/title/tt7631058,TV Series,6.9,60,2022,"Adventure, Fantasy, Action, Drama",437304,"2022-09-01",
tt0117951,8,2024-09-09,"Trainspotting","Trainspotting",https://www.imdb.com/title/tt0117951,Movie,8.1,93,1996,"Crime, Drama",765814,"1996-08-09","Danny Boyle"
tt2397535,7,2024-09-08,"Predestination","Predestination",https://www.imdb.com/title/tt2397535,Movie,7.4,97,2014,"Sci-Fi, Thriller, Drama, Action",332341,"2015-01-09","Michael Spierig,Peter Spierig"
tt3397884,8,2024-09-08,"Sicario","Sicario",https://www.imdb.com/title/tt3397884,Movie,7.7,121,2015,"Drama, Crime, Mystery, Thriller, Action",532146,"2015-10-02","Denis Villeneuve"
tt0073486,8,2024-09-05,"One Flew Over the Cuckoo's Nest","One Flew Over the Cuckoo's Nest",https://www.imdb.com/title/tt0073486,Movie,8.6,133,1975,"Drama",1151568,"1975-11-21","Milos Forman"
tt0780504,6,2024-09-05,"Drive","Drive",https://www.imdb.com/title/tt0780504,Movie,7.8,100,2011,"Drama, Action",757173,"2011-09-16","Nicolas Winding Refn"
tt13433802,5,2024-09-03,"A Quiet Place: Day One","A Quiet Place: Day One",https://www.imdb.com/title/tt13433802,Movie,6.3,99,2024,"Drama, Horror, Sci-Fi, Thriller",172401,"2024-06-28","Michael Sarnoski"
tt5727208,8,2024-09-03,"Uncut Gems","Uncut Gems",https://www.imdb.com/title/tt5727208,Movie,7.4,135,2019,"Drama, Crime, Thriller",352283,"2019-12-25","Benny Safdie,Josh Safdie"
tt6718170,7,2024-09-03,"The Super Mario Bros. Movie","The Super Mario Bros. Movie",https://www.imdb.com/title/tt6718170,Movie,7.0,92,2023,"Animation, Adventure, Family, Comedy, Fantasy",284439,"2023-04-05","Aaron Horvath,Michael Jelenic,Pierre Leduc,Fabien Polack"
tt0114746,8,2024-07-10,"12 Monkeys","Twelve Monkeys",https://www.imdb.com/title/tt0114746,Movie,8.0,129,1995,"Mystery, Sci-Fi, Thriller",676823,"1996-01-05","Terry Gilliam"
tt0790636,7,2024-07-10,"Dallas Buyers Club","Dallas Buyers Club",https://www.imdb.com/title/tt0790636,Movie,7.9,117,2013,"Drama, Biography",545930,"2013-11-22","Jean-Marc Vallée"
tt12037194,8,2024-07-09,"Furiosa: A Mad Max Saga","Furiosa: A Mad Max Saga",https://www.imdb.com/title/tt12037194,Movie,7.5,148,2024,"Action, Adventure, Sci-Fi",316286,"2024-05-24","George Miller"
tt0238380,7,2024-07-06,"Equilibrium","Equilibrium",https://www.imdb.com/title/tt0238380,Movie,7.3,107,2002,"Drama, Sci-Fi, Thriller, Action",361110,"2002-12-06","Kurt Wimmer"
tt0078748,8,2024-07-04,"Alien","Alien",https://www.imdb.com/title/tt0078748,Movie,8.5,117,1979,"Horror, Sci-Fi",1056948,"1979-06-22","Ridley Scott"
tt1446714,7,2024-07-01,"Prometheus","Prometheus",https://www.imdb.com/title/tt1446714,Movie,7.0,124,2012,"Adventure, Sci-Fi",695403,"2012-06-08","Ridley Scott"
tt11198330,7,2024-06-26,"House of the Dragon","House of the Dragon",https://www.imdb.com/title/tt11198330,TV Series,8.3,60,2022,"Fantasy, Action, Adventure, Drama, Romance",517579,"2022-08-21",
tt0418279,6,2024-06-21,"Transformers","Transformers",https://www.imdb.com/title/tt0418279,Movie,7.1,144,2007,"Action, Sci-Fi, Adventure",714541,"2007-07-03","Michael Bay"
tt1596343,8,2024-06-18,"Fast Five","Fast Five",https://www.imdb.com/title/tt1596343,Movie,7.3,130,2011,"Action, Thriller, Crime",431255,"2011-04-29","Justin Lin"
tt1343727,6,2024-06-16,"Dredd","Dredd",https://www.imdb.com/title/tt1343727,Movie,7.1,95,2012,"Action, Sci-Fi, Crime",310867,"2012-09-21","Pete Travis"
tt5675620,8,2024-06-16,"The Punisher","The Punisher",https://www.imdb.com/title/tt5675620,TV Series,8.4,60,2017,"Action, Crime, Thriller, Drama",298406,"2017-11-17",
tt5057054,7,2024-06-16,"Tom Clancy's Jack Ryan","Jack Ryan",https://www.imdb.com/title/tt5057054,TV Series,8.0,60,2018,"Action, Drama, Thriller, Crime",191101,"2018-08-31",
tt0185906,9,2024-06-14,"Band of Brothers","Band of Brothers",https://www.imdb.com/title/tt0185906,TV Mini Series,9.4,60,2001,"History, Action, Drama, War",588831,"2001-09-09",
tt1630029,7,2024-06-14,"Avatar: The Way of Water","Avatar: The Way of Water",https://www.imdb.com/title/tt1630029,Movie,7.5,192,2022,"Animation, Action, Adventure, Sci-Fi, Fantasy",604070,"2022-12-16","James Cameron"
tt4873118,7,2024-06-14,"The Covenant","The Covenant",https://www.imdb.com/title/tt4873118,Movie,7.5,123,2023,"Action, Thriller, War, Drama",206699,"2023-04-21","Guy Ritchie"
tt13287846,6,2024-06-14,"Napoleon","Napoleon",https://www.imdb.com/title/tt13287846,Movie,6.3,158,2023,"Biography, Action, Drama, War, Adventure, History",184565,"2023-11-22","Ridley Scott"
tt5463162,7,2024-06-14,"Deadpool 2","Deadpool 2",https://www.imdb.com/title/tt5463162,Movie,7.6,119,2018,"Action, Adventure, Comedy, Sci-Fi",739290,"2018-05-18","David Leitch"
tt5362988,8,2024-06-14,"Wind River","Wind River",https://www.imdb.com/title/tt5362988,Movie,7.7,107,2017,"Thriller, Crime, Mystery, Drama, Western",312127,"2017-08-18","Taylor Sheridan"
tt0465538,6,2024-06-13,"Michael Clayton","Michael Clayton",https://www.imdb.com/title/tt0465538,Movie,7.2,119,2007,"Drama, Thriller, Crime, Mystery",183084,"2007-10-12","Tony Gilroy"
tt4172430,8,2024-06-13,"13 Hours: The Secret Soldiers of Benghazi","13 Hours: The Secret Soldiers of Benghazi",https://www.imdb.com/title/tt4172430,Movie,7.3,144,2016,"Drama, Action, War, Thriller, History",178415,"2016-01-15","Michael Bay"
tt0840361,7,2024-06-13,"The Town","The Town",https://www.imdb.com/title/tt0840361,Movie,7.5,125,2010,"Drama, Thriller, Crime",445095,"2010-09-17","Ben Affleck"
tt1568346,8,2024-06-13,"The Girl with the Dragon Tattoo","The Girl with the Dragon Tattoo",https://www.imdb.com/title/tt1568346,Movie,7.8,158,2011,"Drama, Thriller, Crime, Mystery",525997,"2011-12-21","David Fincher"
tt0246578,6,2024-06-13,"Donnie Darko","Donnie Darko",https://www.imdb.com/title/tt0246578,Movie,8.0,113,2001,"Sci-Fi, Thriller, Mystery, Drama",906572,"2001-01-19","Richard Kelly"
tt9764362,7,2024-06-13,"The Menu","The Menu",https://www.imdb.com/title/tt9764362,Movie,7.2,107,2022,"Horror, Thriller, Comedy",491061,"2022-11-18","Mark Mylod"
tt0144084,7,2024-06-13,"American Psycho","American Psycho",https://www.imdb.com/title/tt0144084,Movie,7.6,102,2000,"Crime, Horror, Drama",828318,"2000-04-14","Mary Harron"
tt11564570,5,2024-06-13,"Glass Onion","Glass Onion",https://www.imdb.com/title/tt11564570,Movie,7.1,139,2022,"Crime, Thriller, Drama, Mystery, Comedy",518032,"2022-12-23","Rian Johnson"
tt1392214,8,2024-06-13,"Prisoners","Prisoners",https://www.imdb.com/title/tt1392214,Movie,8.2,153,2013,"Crime, Drama, Thriller, Mystery",923824,"2013-09-20","Denis Villeneuve"
tt8946378,7,2024-06-13,"Knives Out","Knives Out",https://www.imdb.com/title/tt8946378,Movie,7.9,130,2019,"Crime, Mystery, Thriller, Drama, Comedy",870064,"2019-11-27","Rian Johnson"
tt6710474,7,2024-06-13,"Everything Everywhere All at Once","Everything Everywhere All at Once",https://www.imdb.com/title/tt6710474,Movie,7.7,139,2022,"Sci-Fi, Adventure, Comedy, Fantasy, Action, Drama",622805,"2022-04-08","Daniel Kwan,Daniel Scheinert"
tt1745960,8,2024-06-13,"Top Gun: Maverick","Top Gun: Maverick",https://www.imdb.com/title/tt1745960,Movie,8.2,130,2022,"Action, Drama",847834,"2022-05-27","Joseph Kosinski"
tt12593682,5,2024-06-13,"Bullet Train","Bullet Train",https://www.imdb.com/title/tt12593682,Movie,7.3,127,2022,"Action, Thriller, Comedy",527687,"2022-08-05","David Leitch"
tt6751668,6,2024-06-13,"Parasite","Gisaengchung",https://www.imdb.com/title/tt6751668,Movie,8.5,132,2019,"Drama, Thriller",1148043,"2019-11-08","Bong Joon Ho"
tt3890160,7,2024-06-13,"Baby Driver","Baby Driver",https://www.imdb.com/title/tt3890160,Movie,7.5,113,2017,"Action, Music, Crime, Drama",678241,"2017-06-28","Edgar Wright"
tt7131622,6,2024-06-13,"Once Upon a Time... in Hollywood","Once Upon a Time in... Hollywood",https://www.imdb.com/title/tt7131622,Movie,7.6,161,2019,"Drama, Comedy",953243,"2019-07-26","Quentin Tarantino"
tt0102926,8,2024-06-13,"The Silence of the Lambs","The Silence of the Lambs",https://www.imdb.com/title/tt0102926,Movie,8.6,118,1991,"Crime, Drama, Horror, Thriller",1708484,"1991-02-14","Jonathan Demme"
tt2872718,8,2024-06-13,"Nightcrawler","Nightcrawler",https://www.imdb.com/title/tt2872718,Movie,7.8,117,2014,"Crime, Thriller, Drama",662919,"2014-10-31","Dan Gilroy"
tt0114814,8,2024-06-13,"The Usual Suspects","The Usual Suspects",https://www.imdb.com/title/tt0114814,Movie,8.5,106,1995,"Drama, Crime, Mystery, Thriller",1231275,"1995-08-16","Bryan Singer"
tt1950186,7,2024-06-13,"Ford v Ferrari","Ford v Ferrari",https://www.imdb.com/title/tt1950186,Movie,8.1,152,2019,"Action, Drama, Biography, Sport",563659,"2019-11-15","James Mangold"
tt0120815,9,2024-06-13,"Saving Private Ryan","Saving Private Ryan",https://www.imdb.com/title/tt0120815,Movie,8.6,169,1998,"Drama, War",1626824,"1998-07-24","Steven Spielberg"
tt8579674,8,2024-06-13,"1917","1917",https://www.imdb.com/title/tt8579674,Movie,8.2,119,2019,"War, Drama, Action",763879,"2020-01-10","Sam Mendes"
tt0477348,8,2024-06-13,"No Country for Old Men","No Country for Old Men",https://www.imdb.com/title/tt0477348,Movie,8.2,122,2007,"Thriller, Crime, Drama",1177933,"2007-11-21","Ethan Coen,Joel Coen"
tt0110413,6,2024-06-13,"Léon: The Professional","Léon",https://www.imdb.com/title/tt0110413,Movie,8.5,110,1994,"Action, Drama, Crime, Thriller",1343464,"1994-11-18","Luc Besson"
tt0253474,8,2024-06-12,"The Pianist","The Pianist",https://www.imdb.com/title/tt0253474,Movie,8.5,150,2002,"Biography, Music, Drama, War",1005272,"2003-03-28","Roman Polanski"
tt4781612,7,2024-06-12,"Imperium","Imperium",https://www.imdb.com/title/tt4781612,Movie,6.5,109,2016,"Thriller, Crime, Drama, Mystery",53334,"2016-08-19","Daniel Ragussis"
tt0119217,8,2024-06-09,"Good Will Hunting","Good Will Hunting",https://www.imdb.com/title/tt0119217,Movie,8.4,126,1997,"Romance, Drama",1204111,"1998-01-09","Gus Van Sant"
tt0081505,8,2024-06-05,"The Shining","The Shining",https://www.imdb.com/title/tt0081505,Movie,8.4,146,1980,"Drama, Horror",1216943,"1980-06-13","Stanley Kubrick"
tt17279496,6,2024-06-04,"Civil War","Civil War",https://www.imdb.com/title/tt17279496,Movie,7.0,109,2024,"Action, Thriller, War",264419,"2024-04-12","Alex Garland"
tt8228288,7,2024-06-04,"The Platform","El hoyo",https://www.imdb.com/title/tt8228288,Movie,7.0,94,2019,"Thriller, Sci-Fi, Horror, Mystery",321325,"2020-03-20","Galder Gaztelu-Urrutia"
tt1392190,9,2024-05-27,"Mad Max: Fury Road","Mad Max: Fury Road",https://www.imdb.com/title/tt1392190,Movie,8.1,120,2015,"Action, Adventure, Sci-Fi",1199704,"2015-05-15","George Miller"
tt0117381,8,2024-05-26,"Primal Fear","Primal Fear",https://www.imdb.com/title/tt0117381,Movie,7.7,129,1996,"Crime, Mystery, Drama, Thriller",280010,"1996-04-03","Gregory Hoblit"
tt10986410,7,2024-05-26,"Ted Lasso","Ted Lasso",https://www.imdb.com/title/tt10986410,TV Series,8.8,30,2020,"Comedy, Drama, Sport",435818,"2020-08-14",
tt6856242,6,2024-05-23,"The King's Man","The King's Man",https://www.imdb.com/title/tt6856242,Movie,6.3,131,2021,"Action, Adventure, Thriller",194578,"2021-12-22","Matthew Vaughn"
tt0075314,7,2024-05-21,"Taxi Driver","Taxi Driver",https://www.imdb.com/title/tt0075314,Movie,8.2,114,1976,"Crime, Drama",1018662,"1976-02-09","Martin Scorsese"
tt0111257,7,2024-05-20,"Speed","Speed",https://www.imdb.com/title/tt0111257,Movie,7.3,116,1994,"Adventure, Thriller, Action",420758,"1994-06-10","Jan de Bont"
tt0108052,9,2024-05-16,"Schindler's List","Schindler's List",https://www.imdb.com/title/tt0108052,Movie,9.0,195,1993,"Biography, History, Drama",1576006,"1994-02-04","Steven Spielberg"
tt0209144,8,2024-05-15,"Memento","Memento",https://www.imdb.com/title/tt0209144,Movie,8.4,113,2000,"Drama, Thriller, Mystery",1426245,"2001-05-25","Christopher Nolan"
tt0119174,7,2024-05-15,"The Game","The Game",https://www.imdb.com/title/tt0119174,Movie,7.7,129,1997,"Drama, Thriller, Mystery",467194,"1997-09-12","David Fincher"
tt0266697,8,2024-05-14,"Kill Bill: Vol. 1","Kill Bill: Vol. 1",https://www.imdb.com/title/tt0266697,Movie,8.2,111,2003,"Action, Thriller, Crime",1297249,"2003-10-10","Quentin Tarantino"
tt5177120,6,2024-05-14,"The Ministry of Ungentlemanly Warfare","The Ministry of Ungentlemanly Warfare",https://www.imdb.com/title/tt5177120,Movie,6.8,122,2024,"War, Action, Comedy",154561,"2024-04-19","Guy Ritchie"
tt23289160,7,2024-05-08,"Godzilla Minus One","Gojira Mainasu Wan",https://www.imdb.com/title/tt23289160,Movie,7.7,124,2023,"Action, Adventure, Sci-Fi, Horror, Drama",200954,"2023-12-01","Takashi Yamazaki"
tt1877830,8,2024-05-03,"The Batman","The Batman",https://www.imdb.com/title/tt1877830,Movie,7.8,176,2022,"Action, Crime, Drama, Thriller, Mystery",917482,"2022-03-04","Matt Reeves"
tt1016150,8,2024-05-03,"All Quiet on the Western Front","Im Westen nichts Neues",https://www.imdb.com/title/tt1016150,Movie,7.8,148,2022,"Drama, History, War",311558,"2022-10-28","Edward Berger"
tt1160419,8,2024-05-01,"Dune: Part One","Dune: Part One",https://www.imdb.com/title/tt1160419,Movie,8.0,155,2021,"Sci-Fi, Adventure, Drama, Action",1025964,"2021-10-22","Denis Villeneuve"
tt4495098,4,2024-05-01,"Gran Turismo","Gran Turismo",https://www.imdb.com/title/tt4495098,Movie,7.1,134,2023,"Action, Adventure, Drama, Sport",133343,"2023-08-25","Neill Blomkamp"
tt5537002,6,2024-05-01,"Killers of the Flower Moon","Killers of the Flower Moon",https://www.imdb.com/title/tt5537002,Movie,7.5,206,2023,"Drama, Crime, History, Western",303466,"2023-10-20","Martin Scorsese"
tt0412142,8,2024-04-28,"House","House M.D.",https://www.imdb.com/title/tt0412142,TV Series,8.7,45,2004,"Drama",588134,"2004-11-16",
tt2707408,7,2024-04-28,"Narcos","Narcos",https://www.imdb.com/title/tt2707408,TV Series,8.7,50,2015,"Crime, Drama, Biography, Thriller",523337,"2015-08-28",
tt0386676,8,2024-04-28,"The Office","The Office",https://www.imdb.com/title/tt0386676,TV Series,9.0,22,2005,"Comedy",823036,"2005-03-24",
tt2467372,9,2024-04-28,"Brooklyn Nine-Nine","Brooklyn Nine-Nine",https://www.imdb.com/title/tt2467372,TV Series,8.4,22,2013,"Comedy, Crime",413003,"2013-09-17",
tt2560140,9,2024-04-28,"Attack on Titan","Shingeki no kyojin",https://www.imdb.com/title/tt2560140,TV Series,9.1,24,2013,"Animation, Fantasy, Horror, Adventure, Drama, Action",696872,"2013-09-28",
tt0286112,8,2024-04-28,"Shaolin Soccer","Siu Lam juk kau",https://www.imdb.com/title/tt0286112,Movie,7.3,87,2001,"Sport, Fantasy, Comedy, Action",96195,"2001-07-05","Stephen Chow"
tt6266538,8,2024-04-28,"Vice","Vice",https://www.imdb.com/title/tt6266538,Movie,7.2,132,2018,"Biography, Drama, Comedy, History",173883,"2018-12-25","Adam McKay"
tt0120201,7,2024-04-28,"Starship Troopers","Starship Troopers",https://www.imdb.com/title/tt0120201,Movie,7.3,129,1997,"Action, Adventure, Thriller, Sci-Fi",344218,"1997-11-07","Paul Verhoeven"
tt2713180,7,2024-04-26,"Fury","Fury",https://www.imdb.com/title/tt2713180,Movie,7.6,134,2014,"Action, Drama, War",603035,"2014-10-17","David Ayer"
tt1663202,6,2024-04-26,"The Revenant","The Revenant",https://www.imdb.com/title/tt1663202,Movie,8.0,156,2015,"Adventure, Drama, Western",942594,"2016-01-08","Alejandro G. Iñárritu"
tt4574334,7,2024-04-26,"Stranger Things","Stranger Things",https://www.imdb.com/title/tt4574334,TV Series,8.6,60,2016,"Drama, Horror, Thriller, Sci-Fi, Mystery, Fantasy",1677304,"2016-07-15",
tt12637874,8,2024-04-26,"Fallout","Fallout",https://www.imdb.com/title/tt12637874,TV Series,8.3,60,2024,"Action, Adventure, Drama, Sci-Fi",382392,"2024-04-10",
tt3581920,8,2024-04-26,"The Last of Us","The Last of Us",https://www.imdb.com/title/tt3581920,TV Series,8.5,50,2023,"Adventure, Horror, Drama, Thriller, Sci-Fi, Action",729536,"2023-01-15",
tt13016388,7,2024-04-26,"3 Body Problem","3 Body Problem",https://www.imdb.com/title/tt13016388,TV Series,7.5,60,2024,"Sci-Fi, Adventure, Drama, Fantasy, Mystery",177752,"2024-03-21",
tt9561862,8,2024-04-26,"Love, Death & Robots","Love, Death & Robots",https://www.imdb.com/title/tt9561862,TV Series,8.4,15,2019,"Animation, Short, Comedy, Fantasy, Horror, Sci-Fi, Action, Adventure, Drama, Mystery, Thriller",227670,"2019-03-15",
tt4158110,9,2024-04-26,"Mr. Robot","Mr. Robot",https://www.imdb.com/title/tt4158110,TV Series,8.5,45,2015,"Crime, Drama, Thriller",463467,"2015-06-24",
tt2243973,9,2024-04-26,"Hannibal","Hannibal",https://www.imdb.com/title/tt2243973,TV Series,8.5,45,2013,"Crime, Thriller, Horror, Drama, Mystery",306295,"2013-04-04",
tt5290382,7,2024-04-26,"Mindhunter","Mindhunter",https://www.imdb.com/title/tt5290382,TV Series,8.6,60,2017,"Thriller, Crime, Drama, Mystery",391987,"2017-10-13",
tt5753856,8,2024-04-26,"Dark","Dark",https://www.imdb.com/title/tt5753856,TV Series,8.7,60,2017,"Mystery, Crime, Drama, Thriller, Sci-Fi",536432,"2017-12-01",
tt4052886,7,2024-04-26,"Lucifer","Lucifer",https://www.imdb.com/title/tt4052886,TV Series,8.0,45,2016,"Fantasy, Drama, Crime",389301,"2016-01-25",
tt6468322,7,2024-04-26,"Money Heist","La casa de papel",https://www.imdb.com/title/tt6468322,TV Series,8.2,60,2017,"Thriller, Crime, Mystery, Action, Drama",600193,"2017-05-02",
tt10919420,6,2024-04-26,"Squid Game","Ojing-eo geim",https://www.imdb.com/title/tt10919420,TV Series,7.9,60,2021,"Mystery, Thriller, Drama, Action, Crime",749944,"2021-09-17",
tt10048342,7,2024-04-26,"The Queen's Gambit","The Queen's Gambit",https://www.imdb.com/title/tt10048342,TV Mini Series,8.5,60,2020,"Drama",655660,"2020-10-23",
tt2442560,8,2024-04-26,"Peaky Blinders","Peaky Blinders",https://www.imdb.com/title/tt2442560,TV Series,8.7,60,2013,"Drama, Crime",760132,"2014-09-30",
tt0944947,8,2024-04-26,"Game of Thrones","Game of Thrones",https://www.imdb.com/title/tt0944947,TV Series,9.2,60,2011,"Fantasy, Drama, Adventure, Action",2587022,"2011-04-17",
tt3032476,8,2024-04-26,"Better Call Saul","Better Call Saul",https://www.imdb.com/title/tt3032476,TV Series,9.0,45,2015,"Crime, Drama",818046,"2015-02-08",
tt0903747,10,2024-04-26,"Breaking Bad","Breaking Bad",https://www.imdb.com/title/tt0903747,TV Series,9.5,48,2008,"Drama, Crime, Thriller",2574473,"2008-01-20",
tt1190634,8,2024-04-26,"The Boys","The Boys",https://www.imdb.com/title/tt1190634,TV Series,8.6,60,2019,"Action, Sci-Fi, Crime, Drama, Comedy",840054,"2019-07-26",
tt13210838,8,2024-04-26,"The Gentlemen","The Gentlemen",https://www.imdb.com/title/tt13210838,TV Series,8.0,50,2024,"Action, Comedy, Crime",175551,"2024-03-07",
tt1798684,8,2024-04-26,"Southpaw","Southpaw",https://www.imdb.com/title/tt1798684,Movie,7.3,124,2015,"Drama, Sport, Action",276671,"2015-07-24","Antoine Fuqua"
tt17024450,6,2024-04-26,"The Equalizer 3","The Equalizer 3",https://www.imdb.com/title/tt17024450,Movie,6.8,109,2023,"Action, Crime, Thriller",159251,"2023-09-01","Antoine Fuqua"
tt3766354,7,2024-04-26,"The Equalizer 2","The Equalizer 2",https://www.imdb.com/title/tt3766354,Movie,6.7,121,2018,"Action, Crime, Thriller, Mystery",227030,"2018-07-20","Antoine Fuqua"
tt0455944,8,2024-04-26,"The Equalizer","The Equalizer",https://www.imdb.com/title/tt0455944,Movie,7.3,132,2014,"Thriller, Action, Crime",462598,"2014-09-26","Antoine Fuqua"
tt1121931,8,2024-04-26,"Crank: High Voltage","Crank: High Voltage",https://www.imdb.com/title/tt1121931,Movie,6.1,96,2009,"Action, Thriller",166581,"2009-04-17","Mark Neveldine,Brian Taylor"
tt0479884,9,2024-04-26,"Crank","Crank",https://www.imdb.com/title/tt0479884,Movie,6.9,88,2006,"Action, Crime, Thriller",276407,"2006-09-01","Mark Neveldine,Brian Taylor"
tt0328107,7,2024-04-26,"Man on Fire","Man on Fire",https://www.imdb.com/title/tt0328107,Movie,7.7,146,2004,"Thriller, Drama, Crime, Action",416903,"2004-04-23","Tony Scott"
tt0139654,8,2024-04-26,"Training Day","Training Day",https://www.imdb.com/title/tt0139654,Movie,7.8,122,2001,"Crime, Drama, Thriller",513248,"2001-10-05","Antoine Fuqua"
tt1197624,8,2024-04-26,"Law Abiding Citizen","Law Abiding Citizen",https://www.imdb.com/title/tt1197624,Movie,7.4,109,2009,"Drama, Thriller, Crime, Action",343436,"2009-10-16","F. Gary Gray"
tt0936501,7,2024-04-26,"Taken","Taken",https://www.imdb.com/title/tt0936501,Movie,7.7,90,2008,"Action, Thriller, Crime",669071,"2009-01-30","Pierre Morel"
tt0416449,6,2024-04-26,"300","300",https://www.imdb.com/title/tt0416449,Movie,7.6,117,2006,"Action, Drama",908413,"2007-03-09","Zack Snyder"
tt3359350,5,2024-04-26,"Road House","Road House",https://www.imdb.com/title/tt3359350,Movie,6.2,121,2024,"Action, Thriller, Drama",182385,"2024-03-21","Doug Liman"
tt1431045,8,2024-04-26,"Deadpool","Deadpool",https://www.imdb.com/title/tt1431045,Movie,8.0,108,2016,"Action, Sci-Fi, Comedy",1245120,"2016-02-12","Tim Miller"
tt1631867,7,2024-04-26,"Edge of Tomorrow","Edge of Tomorrow",https://www.imdb.com/title/tt1631867,Movie,7.9,113,2014,"Action, Sci-Fi, Adventure",799248,"2014-06-06","Doug Liman"
tt3659388,8,2024-04-26,"The Martian","The Martian",https://www.imdb.com/title/tt3659388,Movie,8.0,144,2015,"Sci-Fi, Adventure, Drama",999905,"2015-10-02","Ridley Scott"
tt0470752,6,2024-04-26,"Ex Machina","Ex Machina",https://www.imdb.com/title/tt0470752,Movie,7.7,108,2014,"Drama, Sci-Fi, Thriller",634769,"2015-04-24","Alex Garland"
tt1136608,8,2024-04-26,"District 9","District 9",https://www.imdb.com/title/tt1136608,Movie,7.9,112,2009,"Sci-Fi, Action, Thriller",749510,"2009-08-14","Neill Blomkamp"
tt2543164,9,2024-04-26,"Arrival","Arrival",https://www.imdb.com/title/tt2543164,Movie,7.9,116,2016,"Sci-Fi, Drama, Mystery",855034,"2016-11-11","Denis Villeneuve"
tt0093058,9,2024-04-26,"Full Metal Jacket","Full Metal Jacket",https://www.imdb.com/title/tt0093058,Movie,8.2,116,1987,"Drama, War",846277,"1987-07-10","Stanley Kubrick"
tt0120735,8,2024-04-26,"Lock, Stock and Two Smoking Barrels","Lock, Stock and Two Smoking Barrels",https://www.imdb.com/title/tt0120735,Movie,8.1,107,1998,"Crime, Comedy",647791,"1998-08-28","Guy Ritchie"
tt0208092,7,2024-04-26,"Snatch","Snatch",https://www.imdb.com/title/tt0208092,Movie,8.2,102,2000,"Comedy, Crime",971735,"2001-01-19","Guy Ritchie"
tt0105236,7,2024-04-26,"Reservoir Dogs","Reservoir Dogs",https://www.imdb.com/title/tt0105236,Movie,8.3,99,1992,"Crime, Thriller",1164269,"1992-09-02","Quentin Tarantino"
tt0361748,7,2024-04-26,"Inglourious Basterds","Inglourious Basterds",https://www.imdb.com/title/tt0361748,Movie,8.4,153,2009,"War, Adventure, Drama",1766682,"2009-08-21","Quentin Tarantino"
tt0264464,9,2024-04-26,"Catch Me If You Can","Catch Me If You Can",https://www.imdb.com/title/tt0264464,Movie,8.1,141,2002,"Drama, Biography, Crime",1223867,"2002-12-25","Steven Spielberg"
tt0114369,10,2024-04-26,"Se7en","Se7en",https://www.imdb.com/title/tt0114369,Movie,8.6,127,1995,"Mystery, Drama, Crime, Thriller",2002877,"1995-09-22","David Fincher"
tt0110912,8,2024-04-26,"Pulp Fiction","Pulp Fiction",https://www.imdb.com/title/tt0110912,Movie,8.8,154,1994,"Crime, Drama",2418430,"1994-10-14","Quentin Tarantino"
tt1853728,9,2024-04-26,"Django Unchained","Django Unchained",https://www.imdb.com/title/tt1853728,Movie,8.5,165,2012,"Western, Drama",1867850,"2012-12-25","Quentin Tarantino"
tt7286456,8,2024-04-26,"Joker","Joker",https://www.imdb.com/title/tt7286456,Movie,8.3,122,2019,"Crime, Drama, Thriller",1678034,"2019-10-04","Todd Phillips"
tt0137523,10,2024-04-26,"Fight Club","Fight Club",https://www.imdb.com/title/tt0137523,Movie,8.8,139,1999,"Drama, Crime, Thriller",2581250,"1999-10-15","David Fincher"
tt1130884,10,2024-04-26,"Shutter Island","Shutter Island",https://www.imdb.com/title/tt1130884,Movie,8.2,138,2010,"Thriller, Mystery, Drama",1629385,"2010-02-19","Martin Scorsese"
tt0993846,9,2024-04-26,"The Wolf of Wall Street","The Wolf of Wall Street",https://www.imdb.com/title/tt0993846,Movie,8.2,180,2013,"Crime, Drama, Biography, Comedy",1769987,"2013-12-25","Martin Scorsese"
tt1375666,8,2024-04-26,"Inception","Inception",https://www.imdb.com/title/tt1375666,Movie,8.8,148,2010,"Sci-Fi, Thriller, Action, Adventure",2793114,"2010-07-16","Christopher Nolan"
tt0468569,9,2024-04-26,"The Dark Knight","The Dark Knight",https://www.imdb.com/title/tt0468569,Movie,9.1,152,2008,"Drama, Crime, Thriller, Action",3141444,"2008-07-18","Christopher Nolan"
tt0816692,9,2024-04-26,"Interstellar","Interstellar",https://www.imdb.com/title/tt0816692,Movie,8.7,169,2014,"Sci-Fi, Adventure, Drama",2491064,"2014-11-07","Christopher Nolan"
tt15239678,9,2024-04-26,"Dune: Part Two","Dune: Part Two",https://www.imdb.com/title/tt15239678,Movie,8.4,166,2024,"Adventure, Drama, Sci-Fi, Action",720193,"2024-03-01","Denis Villeneuve"
